-- phpMyAdmin SQL Dump
-- version 4.8.0.1
-- https://www.phpmyadmin.net/
--
-- Host: 127.0.0.1
-- Generation Time: Nov 17, 2018 at 09:57 PM
-- Server version: 10.1.32-MariaDB
-- PHP Version: 7.0.30

SET SQL_MODE = "NO_AUTO_VALUE_ON_ZERO";
SET AUTOCOMMIT = 0;
START TRANSACTION;
SET time_zone = "+00:00";


/*!40101 SET @OLD_CHARACTER_SET_CLIENT=@@CHARACTER_SET_CLIENT */;
/*!40101 SET @OLD_CHARACTER_SET_RESULTS=@@CHARACTER_SET_RESULTS */;
/*!40101 SET @OLD_COLLATION_CONNECTION=@@COLLATION_CONNECTION */;
/*!40101 SET NAMES utf8mb4 */;

--
-- Database: `money`
--

-- --------------------------------------------------------

--
-- Table structure for table `account_entry`
--

CREATE TABLE `account_entry` (
  `id` int(11) NOT NULL,
  `user_id` int(11) NOT NULL,
  `head_id` int(11) NOT NULL,
  `type` varchar(10) NOT NULL,
  `amount` double(25,2) NOT NULL,
  `active` int(11) NOT NULL DEFAULT '1',
  `status` int(11) NOT NULL,
  `created_by` int(11) NOT NULL,
  `created_date` timestamp NOT NULL DEFAULT CURRENT_TIMESTAMP,
  `updated_by` int(11) NOT NULL,
  `updated_date` timestamp NOT NULL DEFAULT '0000-00-00 00:00:00' ON UPDATE CURRENT_TIMESTAMP
) ENGINE=InnoDB DEFAULT CHARSET=latin1;

--
-- Dumping data for table `account_entry`
--

INSERT INTO `account_entry` (`id`, `user_id`, `head_id`, `type`, `amount`, `active`, `status`, `created_by`, `created_date`, `updated_by`, `updated_date`) VALUES
(1, 6, 3, 'dr', 25000.00, 1, 0, 6, '2018-10-29 19:50:01', 0, '0000-00-00 00:00:00'),
(2, 6, 6, 'cr', 25000.00, 1, 0, 6, '2018-10-29 19:50:01', 0, '0000-00-00 00:00:00'),
(3, 6, 4, 'dr', 3000.00, 1, 0, 6, '2018-10-29 19:52:16', 0, '0000-00-00 00:00:00'),
(4, 6, 6, 'cr', 3000.00, 1, 0, 6, '2018-10-29 19:52:16', 0, '0000-00-00 00:00:00'),
(5, 6, 4, 'dr', 3000.00, 1, 0, 6, '2018-10-29 19:57:21', 0, '0000-00-00 00:00:00'),
(6, 6, 6, 'cr', 3000.00, 1, 0, 6, '2018-10-29 19:57:21', 0, '0000-00-00 00:00:00'),
(7, 6, 4, 'dr', 6000.00, 1, 0, 6, '2018-10-29 20:00:01', 0, '0000-00-00 00:00:00'),
(8, 6, 6, 'cr', 6000.00, 1, 0, 6, '2018-10-29 20:00:01', 0, '0000-00-00 00:00:00'),
(9, 6, 4, 'dr', 3000.00, 1, 0, 6, '2018-10-29 20:00:58', 0, '0000-00-00 00:00:00'),
(10, 6, 6, 'cr', 3000.00, 1, 0, 6, '2018-10-29 20:00:58', 0, '0000-00-00 00:00:00'),
(11, 6, 2, 'dr', 263.00, 1, 0, 6, '2018-11-17 20:30:49', 0, '0000-00-00 00:00:00'),
(12, 6, 2, 'cr', 263.00, 1, 0, 6, '2018-11-17 20:30:49', 0, '0000-00-00 00:00:00'),
(13, 6, 2, 'dr', 263.00, 1, 0, 6, '2018-11-17 20:31:46', 0, '0000-00-00 00:00:00'),
(14, 6, 2, 'cr', 263.00, 1, 0, 6, '2018-11-17 20:31:46', 0, '0000-00-00 00:00:00'),
(15, 6, 2, 'dr', 263.00, 1, 0, 6, '2018-11-17 20:32:08', 0, '0000-00-00 00:00:00'),
(16, 6, 2, 'cr', 263.00, 1, 0, 6, '2018-11-17 20:32:08', 0, '0000-00-00 00:00:00');

-- --------------------------------------------------------

--
-- Table structure for table `emi`
--

CREATE TABLE `emi` (
  `id` int(11) NOT NULL,
  `memberId` int(11) NOT NULL,
  `schemeId` int(11) NOT NULL,
  `emiNumber` int(11) NOT NULL,
  `emiDate` datetime NOT NULL,
  `principal` decimal(25,2) NOT NULL,
  `interest` decimal(25,2) DEFAULT NULL,
  `paidAmount` decimal(25,2) NOT NULL,
  `r_principal` decimal(25,2) NOT NULL,
  `r_interest` decimal(25,2) NOT NULL,
  `active` int(11) NOT NULL DEFAULT '1',
  `status` int(11) NOT NULL DEFAULT '0',
  `created_at` timestamp NOT NULL DEFAULT CURRENT_TIMESTAMP,
  `updated_at` timestamp NOT NULL DEFAULT '0000-00-00 00:00:00' ON UPDATE CURRENT_TIMESTAMP
) ENGINE=InnoDB DEFAULT CHARSET=latin1;

--
-- Dumping data for table `emi`
--

INSERT INTO `emi` (`id`, `memberId`, `schemeId`, `emiNumber`, `emiDate`, `principal`, `interest`, `paidAmount`, `r_principal`, `r_interest`, `active`, `status`, `created_at`, `updated_at`) VALUES
(1, 8, 1, 1, '2018-11-25 01:36:31', '235.00', '28.00', '263.00', '23765.00', '2852.00', 1, 1, '2018-11-17 20:06:41', '2018-11-17 20:30:49'),
(2, 8, 1, 2, '2018-12-02 01:36:31', '235.00', '28.00', '263.00', '23530.00', '2824.00', 1, 1, '2018-11-17 20:06:41', '2018-11-17 20:31:46'),
(3, 8, 1, 3, '2018-12-09 01:36:31', '235.00', '28.00', '263.00', '23295.00', '2796.00', 1, 1, '2018-11-17 20:06:41', '2018-11-17 20:32:08'),
(4, 8, 1, 4, '2018-12-16 01:36:31', '235.00', '28.00', '263.00', '23060.00', '2768.00', 1, 0, '2018-11-17 20:06:41', '0000-00-00 00:00:00'),
(5, 8, 1, 5, '2018-12-23 01:36:31', '235.00', '28.00', '263.00', '22825.00', '2740.00', 1, 0, '2018-11-17 20:06:41', '0000-00-00 00:00:00'),
(6, 8, 1, 6, '2018-12-30 01:36:31', '235.00', '28.00', '263.00', '22590.00', '2712.00', 1, 0, '2018-11-17 20:06:41', '0000-00-00 00:00:00'),
(7, 8, 1, 7, '2019-01-06 01:36:31', '235.00', '28.00', '263.00', '22355.00', '2684.00', 1, 0, '2018-11-17 20:06:41', '0000-00-00 00:00:00'),
(8, 8, 1, 8, '2019-01-13 01:36:31', '235.00', '28.00', '263.00', '22120.00', '2656.00', 1, 0, '2018-11-17 20:06:41', '0000-00-00 00:00:00'),
(9, 8, 1, 9, '2019-01-20 01:36:31', '235.00', '28.00', '263.00', '21885.00', '2628.00', 1, 0, '2018-11-17 20:06:41', '0000-00-00 00:00:00'),
(10, 8, 1, 10, '2019-01-27 01:36:31', '235.00', '28.00', '263.00', '21650.00', '2600.00', 1, 0, '2018-11-17 20:06:41', '0000-00-00 00:00:00'),
(11, 8, 1, 11, '2019-02-03 01:36:31', '235.00', '28.00', '263.00', '21415.00', '2572.00', 1, 0, '2018-11-17 20:06:41', '0000-00-00 00:00:00'),
(12, 8, 1, 12, '2019-02-10 01:36:31', '235.00', '28.00', '263.00', '21180.00', '2544.00', 1, 0, '2018-11-17 20:06:41', '0000-00-00 00:00:00'),
(13, 8, 1, 13, '2019-02-17 01:36:31', '235.00', '28.00', '263.00', '20945.00', '2516.00', 1, 0, '2018-11-17 20:06:41', '0000-00-00 00:00:00'),
(14, 8, 1, 14, '2019-02-24 01:36:31', '235.00', '28.00', '263.00', '20710.00', '2488.00', 1, 0, '2018-11-17 20:06:41', '0000-00-00 00:00:00'),
(15, 8, 1, 15, '2019-03-03 01:36:31', '235.00', '28.00', '263.00', '20475.00', '2460.00', 1, 0, '2018-11-17 20:06:41', '0000-00-00 00:00:00'),
(16, 8, 1, 16, '2019-03-10 01:36:31', '235.00', '28.00', '263.00', '20240.00', '2432.00', 1, 0, '2018-11-17 20:06:41', '0000-00-00 00:00:00'),
(17, 8, 1, 17, '2019-03-17 01:36:31', '235.00', '28.00', '263.00', '20005.00', '2404.00', 1, 0, '2018-11-17 20:06:41', '0000-00-00 00:00:00'),
(18, 8, 1, 18, '2019-03-24 01:36:31', '235.00', '28.00', '263.00', '19770.00', '2376.00', 1, 0, '2018-11-17 20:06:41', '0000-00-00 00:00:00'),
(19, 8, 1, 19, '2019-03-31 01:36:31', '235.00', '28.00', '263.00', '19535.00', '2348.00', 1, 0, '2018-11-17 20:06:41', '0000-00-00 00:00:00'),
(20, 8, 1, 20, '2019-04-07 01:36:31', '235.00', '28.00', '263.00', '19300.00', '2320.00', 1, 0, '2018-11-17 20:06:41', '0000-00-00 00:00:00'),
(21, 8, 1, 21, '2019-04-14 01:36:31', '235.00', '28.00', '263.00', '19065.00', '2292.00', 1, 0, '2018-11-17 20:06:41', '0000-00-00 00:00:00'),
(22, 8, 1, 22, '2019-04-21 01:36:31', '235.00', '28.00', '263.00', '18830.00', '2264.00', 1, 0, '2018-11-17 20:06:41', '0000-00-00 00:00:00'),
(23, 8, 1, 23, '2019-04-28 01:36:31', '235.00', '28.00', '263.00', '18595.00', '2236.00', 1, 0, '2018-11-17 20:06:41', '0000-00-00 00:00:00'),
(24, 8, 1, 24, '2019-05-05 01:36:31', '235.00', '28.00', '263.00', '18360.00', '2208.00', 1, 0, '2018-11-17 20:06:41', '0000-00-00 00:00:00'),
(25, 8, 1, 25, '2019-05-12 01:36:31', '235.00', '28.00', '263.00', '18125.00', '2180.00', 1, 0, '2018-11-17 20:06:41', '0000-00-00 00:00:00'),
(26, 8, 1, 26, '2019-05-19 01:36:31', '235.00', '28.00', '263.00', '17890.00', '2152.00', 1, 0, '2018-11-17 20:06:41', '0000-00-00 00:00:00'),
(27, 8, 1, 27, '2019-05-26 01:36:31', '235.00', '28.00', '263.00', '17655.00', '2124.00', 1, 0, '2018-11-17 20:06:41', '0000-00-00 00:00:00'),
(28, 8, 1, 28, '2019-06-02 01:36:31', '235.00', '28.00', '263.00', '17420.00', '2096.00', 1, 0, '2018-11-17 20:06:41', '0000-00-00 00:00:00'),
(29, 8, 1, 29, '2019-06-09 01:36:31', '235.00', '28.00', '263.00', '17185.00', '2068.00', 1, 0, '2018-11-17 20:06:41', '0000-00-00 00:00:00'),
(30, 8, 1, 30, '2019-06-16 01:36:31', '235.00', '28.00', '263.00', '16950.00', '2040.00', 1, 0, '2018-11-17 20:06:41', '0000-00-00 00:00:00'),
(31, 8, 1, 31, '2019-06-23 01:36:31', '235.00', '28.00', '263.00', '16715.00', '2012.00', 1, 0, '2018-11-17 20:06:41', '0000-00-00 00:00:00'),
(32, 8, 1, 32, '2019-06-30 01:36:31', '235.00', '28.00', '263.00', '16480.00', '1984.00', 1, 0, '2018-11-17 20:06:41', '0000-00-00 00:00:00'),
(33, 8, 1, 33, '2019-07-07 01:36:31', '235.00', '28.00', '263.00', '16245.00', '1956.00', 1, 0, '2018-11-17 20:06:41', '0000-00-00 00:00:00'),
(34, 8, 1, 34, '2019-07-14 01:36:31', '235.00', '28.00', '263.00', '16010.00', '1928.00', 1, 0, '2018-11-17 20:06:41', '0000-00-00 00:00:00'),
(35, 8, 1, 35, '2019-07-21 01:36:31', '235.00', '28.00', '263.00', '15775.00', '1900.00', 1, 0, '2018-11-17 20:06:41', '0000-00-00 00:00:00'),
(36, 8, 1, 36, '2019-07-28 01:36:31', '235.00', '28.00', '263.00', '15540.00', '1872.00', 1, 0, '2018-11-17 20:06:41', '0000-00-00 00:00:00'),
(37, 8, 1, 37, '2019-08-04 01:36:31', '235.00', '28.00', '263.00', '15305.00', '1844.00', 1, 0, '2018-11-17 20:06:41', '0000-00-00 00:00:00'),
(38, 8, 1, 38, '2019-08-11 01:36:31', '235.00', '28.00', '263.00', '15070.00', '1816.00', 1, 0, '2018-11-17 20:06:41', '0000-00-00 00:00:00'),
(39, 8, 1, 39, '2019-08-18 01:36:31', '235.00', '28.00', '263.00', '14835.00', '1788.00', 1, 0, '2018-11-17 20:06:41', '0000-00-00 00:00:00'),
(40, 8, 1, 40, '2019-08-25 01:36:31', '235.00', '28.00', '263.00', '14600.00', '1760.00', 1, 0, '2018-11-17 20:06:41', '0000-00-00 00:00:00'),
(41, 8, 1, 41, '2019-09-01 01:36:31', '235.00', '28.00', '263.00', '14365.00', '1732.00', 1, 0, '2018-11-17 20:06:41', '0000-00-00 00:00:00'),
(42, 8, 1, 42, '2019-09-08 01:36:31', '235.00', '28.00', '263.00', '14130.00', '1704.00', 1, 0, '2018-11-17 20:06:41', '0000-00-00 00:00:00'),
(43, 8, 1, 43, '2019-09-15 01:36:31', '235.00', '28.00', '263.00', '13895.00', '1676.00', 1, 0, '2018-11-17 20:06:41', '0000-00-00 00:00:00'),
(44, 8, 1, 44, '2019-09-22 01:36:31', '235.00', '28.00', '263.00', '13660.00', '1648.00', 1, 0, '2018-11-17 20:06:41', '0000-00-00 00:00:00'),
(45, 8, 1, 45, '2019-09-29 01:36:31', '235.00', '28.00', '263.00', '13425.00', '1620.00', 1, 0, '2018-11-17 20:06:41', '0000-00-00 00:00:00'),
(46, 8, 1, 46, '2019-10-06 01:36:31', '235.00', '28.00', '263.00', '13190.00', '1592.00', 1, 0, '2018-11-17 20:06:41', '0000-00-00 00:00:00'),
(47, 8, 1, 47, '2019-10-13 01:36:31', '235.00', '28.00', '263.00', '12955.00', '1564.00', 1, 0, '2018-11-17 20:06:41', '0000-00-00 00:00:00'),
(48, 8, 1, 48, '2019-10-20 01:36:31', '235.00', '28.00', '263.00', '12720.00', '1536.00', 1, 0, '2018-11-17 20:06:41', '0000-00-00 00:00:00'),
(49, 8, 1, 49, '2019-10-27 01:36:31', '235.00', '28.00', '263.00', '12485.00', '1508.00', 1, 0, '2018-11-17 20:06:41', '0000-00-00 00:00:00'),
(50, 8, 1, 50, '2019-11-03 01:36:31', '235.00', '28.00', '263.00', '12250.00', '1480.00', 1, 0, '2018-11-17 20:06:41', '0000-00-00 00:00:00'),
(51, 8, 1, 51, '2019-11-10 01:36:31', '235.00', '28.00', '263.00', '12015.00', '1452.00', 1, 0, '2018-11-17 20:06:41', '0000-00-00 00:00:00'),
(52, 8, 1, 52, '2019-11-17 01:36:31', '235.00', '28.00', '263.00', '11780.00', '1424.00', 1, 0, '2018-11-17 20:06:41', '0000-00-00 00:00:00'),
(53, 8, 1, 53, '2019-11-24 01:36:31', '235.00', '28.00', '263.00', '11545.00', '1396.00', 1, 0, '2018-11-17 20:06:41', '0000-00-00 00:00:00'),
(54, 8, 1, 54, '2019-12-01 01:36:31', '235.00', '28.00', '263.00', '11310.00', '1368.00', 1, 0, '2018-11-17 20:06:41', '0000-00-00 00:00:00'),
(55, 8, 1, 55, '2019-12-08 01:36:31', '235.00', '28.00', '263.00', '11075.00', '1340.00', 1, 0, '2018-11-17 20:06:41', '0000-00-00 00:00:00'),
(56, 8, 1, 56, '2019-12-15 01:36:31', '235.00', '28.00', '263.00', '10840.00', '1312.00', 1, 0, '2018-11-17 20:06:41', '0000-00-00 00:00:00'),
(57, 8, 1, 57, '2019-12-22 01:36:31', '235.00', '28.00', '263.00', '10605.00', '1284.00', 1, 0, '2018-11-17 20:06:41', '0000-00-00 00:00:00'),
(58, 8, 1, 58, '2019-12-29 01:36:31', '235.00', '28.00', '263.00', '10370.00', '1256.00', 1, 0, '2018-11-17 20:06:41', '0000-00-00 00:00:00'),
(59, 8, 1, 59, '2020-01-05 01:36:31', '235.00', '28.00', '263.00', '10135.00', '1228.00', 1, 0, '2018-11-17 20:06:41', '0000-00-00 00:00:00'),
(60, 8, 1, 60, '2020-01-12 01:36:31', '235.00', '28.00', '263.00', '9900.00', '1200.00', 1, 0, '2018-11-17 20:06:41', '0000-00-00 00:00:00'),
(61, 8, 1, 61, '2020-01-19 01:36:31', '235.00', '28.00', '263.00', '9665.00', '1172.00', 1, 0, '2018-11-17 20:06:41', '0000-00-00 00:00:00'),
(62, 8, 1, 62, '2020-01-26 01:36:31', '235.00', '28.00', '263.00', '9430.00', '1144.00', 1, 0, '2018-11-17 20:06:41', '0000-00-00 00:00:00'),
(63, 8, 1, 63, '2020-02-02 01:36:31', '235.00', '28.00', '263.00', '9195.00', '1116.00', 1, 0, '2018-11-17 20:06:41', '0000-00-00 00:00:00'),
(64, 8, 1, 64, '2020-02-09 01:36:31', '235.00', '28.00', '263.00', '8960.00', '1088.00', 1, 0, '2018-11-17 20:06:41', '0000-00-00 00:00:00'),
(65, 8, 1, 65, '2020-02-16 01:36:31', '235.00', '28.00', '263.00', '8725.00', '1060.00', 1, 0, '2018-11-17 20:06:41', '0000-00-00 00:00:00'),
(66, 8, 1, 66, '2020-02-23 01:36:31', '235.00', '28.00', '263.00', '8490.00', '1032.00', 1, 0, '2018-11-17 20:06:41', '0000-00-00 00:00:00'),
(67, 8, 1, 67, '2020-03-01 01:36:31', '235.00', '28.00', '263.00', '8255.00', '1004.00', 1, 0, '2018-11-17 20:06:41', '0000-00-00 00:00:00'),
(68, 8, 1, 68, '2020-03-08 01:36:31', '235.00', '28.00', '263.00', '8020.00', '976.00', 1, 0, '2018-11-17 20:06:41', '0000-00-00 00:00:00'),
(69, 8, 1, 69, '2020-03-15 01:36:31', '235.00', '28.00', '263.00', '7785.00', '948.00', 1, 0, '2018-11-17 20:06:41', '0000-00-00 00:00:00'),
(70, 8, 1, 70, '2020-03-22 01:36:31', '235.00', '28.00', '263.00', '7550.00', '920.00', 1, 0, '2018-11-17 20:06:41', '0000-00-00 00:00:00'),
(71, 8, 1, 71, '2020-03-29 01:36:31', '235.00', '28.00', '263.00', '7315.00', '892.00', 1, 0, '2018-11-17 20:06:41', '0000-00-00 00:00:00'),
(72, 8, 1, 72, '2020-04-05 01:36:31', '235.00', '28.00', '263.00', '7080.00', '864.00', 1, 0, '2018-11-17 20:06:41', '0000-00-00 00:00:00'),
(73, 8, 1, 73, '2020-04-12 01:36:31', '235.00', '28.00', '263.00', '6845.00', '836.00', 1, 0, '2018-11-17 20:06:41', '0000-00-00 00:00:00'),
(74, 8, 1, 74, '2020-04-19 01:36:31', '235.00', '28.00', '263.00', '6610.00', '808.00', 1, 0, '2018-11-17 20:06:41', '0000-00-00 00:00:00'),
(75, 8, 1, 75, '2020-04-26 01:36:31', '235.00', '28.00', '263.00', '6375.00', '780.00', 1, 0, '2018-11-17 20:06:41', '0000-00-00 00:00:00'),
(76, 8, 1, 76, '2020-05-03 01:36:31', '235.00', '28.00', '263.00', '6140.00', '752.00', 1, 0, '2018-11-17 20:06:41', '0000-00-00 00:00:00'),
(77, 8, 1, 77, '2020-05-10 01:36:31', '235.00', '28.00', '263.00', '5905.00', '724.00', 1, 0, '2018-11-17 20:06:41', '0000-00-00 00:00:00'),
(78, 8, 1, 78, '2020-05-17 01:36:31', '235.00', '28.00', '263.00', '5670.00', '696.00', 1, 0, '2018-11-17 20:06:41', '0000-00-00 00:00:00'),
(79, 8, 1, 79, '2020-05-24 01:36:31', '235.00', '28.00', '263.00', '5435.00', '668.00', 1, 0, '2018-11-17 20:06:41', '0000-00-00 00:00:00'),
(80, 8, 1, 80, '2020-05-31 01:36:31', '235.00', '28.00', '263.00', '5200.00', '640.00', 1, 0, '2018-11-17 20:06:41', '0000-00-00 00:00:00'),
(81, 8, 1, 81, '2020-06-07 01:36:31', '235.00', '28.00', '263.00', '4965.00', '612.00', 1, 0, '2018-11-17 20:06:41', '0000-00-00 00:00:00'),
(82, 8, 1, 82, '2020-06-14 01:36:31', '235.00', '28.00', '263.00', '4730.00', '584.00', 1, 0, '2018-11-17 20:06:41', '0000-00-00 00:00:00'),
(83, 8, 1, 83, '2020-06-21 01:36:31', '235.00', '28.00', '263.00', '4495.00', '556.00', 1, 0, '2018-11-17 20:06:41', '0000-00-00 00:00:00'),
(84, 8, 1, 84, '2020-06-28 01:36:31', '235.00', '28.00', '263.00', '4260.00', '528.00', 1, 0, '2018-11-17 20:06:41', '0000-00-00 00:00:00'),
(85, 8, 1, 85, '2020-07-05 01:36:31', '235.00', '28.00', '263.00', '4025.00', '500.00', 1, 0, '2018-11-17 20:06:41', '0000-00-00 00:00:00'),
(86, 8, 1, 86, '2020-07-12 01:36:31', '235.00', '28.00', '263.00', '3790.00', '472.00', 1, 0, '2018-11-17 20:06:41', '0000-00-00 00:00:00'),
(87, 8, 1, 87, '2020-07-19 01:36:31', '235.00', '28.00', '263.00', '3555.00', '444.00', 1, 0, '2018-11-17 20:06:41', '0000-00-00 00:00:00'),
(88, 8, 1, 88, '2020-07-26 01:36:31', '235.00', '28.00', '263.00', '3320.00', '416.00', 1, 0, '2018-11-17 20:06:41', '0000-00-00 00:00:00'),
(89, 8, 1, 89, '2020-08-02 01:36:31', '235.00', '28.00', '263.00', '3085.00', '388.00', 1, 0, '2018-11-17 20:06:41', '0000-00-00 00:00:00'),
(90, 8, 1, 90, '2020-08-09 01:36:31', '235.00', '28.00', '263.00', '2850.00', '360.00', 1, 0, '2018-11-17 20:06:41', '0000-00-00 00:00:00'),
(91, 8, 1, 91, '2020-08-16 01:36:31', '235.00', '28.00', '263.00', '2615.00', '332.00', 1, 0, '2018-11-17 20:06:41', '0000-00-00 00:00:00'),
(92, 8, 1, 92, '2020-08-23 01:36:31', '235.00', '28.00', '263.00', '2380.00', '304.00', 1, 0, '2018-11-17 20:06:41', '0000-00-00 00:00:00'),
(93, 8, 1, 93, '2020-08-30 01:36:31', '235.00', '28.00', '263.00', '2145.00', '276.00', 1, 0, '2018-11-17 20:06:41', '0000-00-00 00:00:00'),
(94, 8, 1, 94, '2020-09-06 01:36:31', '235.00', '28.00', '263.00', '1910.00', '248.00', 1, 0, '2018-11-17 20:06:41', '0000-00-00 00:00:00'),
(95, 8, 1, 95, '2020-09-13 01:36:31', '235.00', '28.00', '263.00', '1675.00', '220.00', 1, 0, '2018-11-17 20:06:41', '0000-00-00 00:00:00'),
(96, 8, 1, 96, '2020-09-20 01:36:31', '235.00', '28.00', '263.00', '1440.00', '192.00', 1, 0, '2018-11-17 20:06:41', '0000-00-00 00:00:00'),
(97, 8, 1, 97, '2020-09-27 01:36:31', '235.00', '28.00', '263.00', '1205.00', '164.00', 1, 0, '2018-11-17 20:06:41', '0000-00-00 00:00:00'),
(98, 8, 1, 98, '2020-10-04 01:36:31', '235.00', '28.00', '263.00', '970.00', '136.00', 1, 0, '2018-11-17 20:06:41', '0000-00-00 00:00:00'),
(99, 8, 1, 99, '2020-10-11 01:36:31', '235.00', '28.00', '263.00', '735.00', '108.00', 1, 0, '2018-11-17 20:06:41', '0000-00-00 00:00:00'),
(100, 8, 1, 100, '2020-10-18 01:36:31', '235.00', '28.00', '263.00', '500.00', '80.00', 1, 0, '2018-11-17 20:06:41', '0000-00-00 00:00:00'),
(101, 8, 1, 101, '2020-10-25 01:36:31', '235.00', '28.00', '263.00', '265.00', '52.00', 1, 0, '2018-11-17 20:06:41', '0000-00-00 00:00:00'),
(102, 8, 1, 102, '2020-11-01 01:36:31', '265.00', '52.00', '317.00', '0.00', '0.00', 1, 0, '2018-11-17 20:06:41', '0000-00-00 00:00:00');

-- --------------------------------------------------------

--
-- Table structure for table `gold`
--

CREATE TABLE `gold` (
  `id` int(11) NOT NULL,
  `gold_type` int(11) NOT NULL DEFAULT '1',
  `name` varchar(255) NOT NULL,
  `amount` decimal(25,2) NOT NULL,
  `qty` int(11) NOT NULL,
  `active` int(11) NOT NULL DEFAULT '1',
  `status` int(11) NOT NULL DEFAULT '1',
  `created_at` timestamp NOT NULL DEFAULT CURRENT_TIMESTAMP,
  `updated_at` timestamp NOT NULL DEFAULT '0000-00-00 00:00:00' ON UPDATE CURRENT_TIMESTAMP
) ENGINE=InnoDB DEFAULT CHARSET=latin1;

--
-- Dumping data for table `gold`
--

INSERT INTO `gold` (`id`, `gold_type`, `name`, `amount`, `qty`, `active`, `status`, `created_at`, `updated_at`) VALUES
(1, 1, 'A', '30000.00', 10, 1, 1, '2018-10-01 20:36:37', '2018-10-01 20:44:31'),
(2, 1, 'sad', '2.00', 2, 1, 1, '2018-10-01 20:48:06', '0000-00-00 00:00:00'),
(3, 1, 'a', '30000.00', 10, 1, 1, '2018-10-26 16:40:48', '0000-00-00 00:00:00'),
(4, 1, 'CCC', '30000.00', 10, 1, 1, '2018-10-26 16:47:02', '0000-00-00 00:00:00'),
(5, 1, 'aaaa', '30000.00', 10, 1, 1, '2018-10-26 16:51:50', '0000-00-00 00:00:00'),
(6, 2, 'silver', '3000.00', 10, 1, 1, '2018-10-26 16:54:36', '0000-00-00 00:00:00'),
(7, 2, 'silver new', '3000.00', 10, 1, 1, '2018-10-26 17:05:42', '0000-00-00 00:00:00'),
(8, 1, 'test', '25000.00', 10, 1, 1, '2018-10-29 16:59:59', '0000-00-00 00:00:00');

-- --------------------------------------------------------

--
-- Table structure for table `head`
--

CREATE TABLE `head` (
  `id` int(11) NOT NULL,
  `head_name` varchar(255) NOT NULL,
  `head_alias` varchar(255) NOT NULL,
  `active` tinyint(1) NOT NULL DEFAULT '1'
) ENGINE=InnoDB DEFAULT CHARSET=latin1;

--
-- Dumping data for table `head`
--

INSERT INTO `head` (`id`, `head_name`, `head_alias`, `active`) VALUES
(1, 'fd', 'fd', 1),
(2, 'rd', 'rd', 1),
(3, 'gold', 'gold', 1),
(4, 'silver', 'silver', 1),
(5, 'moneyAddTocard', 'moneyAddTocard', 1),
(6, 'wallet', 'wallet', 1);

-- --------------------------------------------------------

--
-- Table structure for table `mst_fd`
--

CREATE TABLE `mst_fd` (
  `id` int(11) NOT NULL,
  `name` varchar(255) NOT NULL DEFAULT '1',
  `amount` decimal(25,2) NOT NULL,
  `duration` int(11) NOT NULL,
  `interest` decimal(25,2) NOT NULL,
  `panelty` decimal(25,2) DEFAULT NULL,
  `principle` decimal(25,2) NOT NULL,
  `active` int(11) NOT NULL DEFAULT '1',
  `status` int(11) NOT NULL DEFAULT '1',
  `created_at` timestamp NOT NULL DEFAULT CURRENT_TIMESTAMP,
  `updated_at` timestamp NOT NULL DEFAULT '0000-00-00 00:00:00' ON UPDATE CURRENT_TIMESTAMP
) ENGINE=InnoDB DEFAULT CHARSET=latin1;

-- --------------------------------------------------------

--
-- Table structure for table `mst_rd`
--

CREATE TABLE `mst_rd` (
  `id` int(11) NOT NULL,
  `name` varchar(255) NOT NULL DEFAULT '1',
  `amount` decimal(25,2) NOT NULL,
  `duration` int(11) NOT NULL,
  `interest` decimal(25,2) NOT NULL,
  `panelty` decimal(25,2) DEFAULT NULL,
  `principal` decimal(25,2) NOT NULL,
  `active` int(11) NOT NULL DEFAULT '1',
  `status` int(11) NOT NULL DEFAULT '1',
  `created_at` timestamp NOT NULL DEFAULT CURRENT_TIMESTAMP,
  `updated_at` timestamp NOT NULL DEFAULT '0000-00-00 00:00:00' ON UPDATE CURRENT_TIMESTAMP
) ENGINE=InnoDB DEFAULT CHARSET=latin1;

--
-- Dumping data for table `mst_rd`
--

INSERT INTO `mst_rd` (`id`, `name`, `amount`, `duration`, `interest`, `panelty`, `principal`, `active`, `status`, `created_at`, `updated_at`) VALUES
(1, 'one', '24000.00', 24, '12.00', NULL, '1000.00', 1, 1, '2018-10-01 21:16:51', '0000-00-00 00:00:00'),
(2, 'two', '48000.00', 24, '12.00', NULL, '2000.00', 1, 1, '2018-10-14 08:05:27', '0000-00-00 00:00:00');

-- --------------------------------------------------------

--
-- Table structure for table `open_rd`
--

CREATE TABLE `open_rd` (
  `id` int(11) NOT NULL,
  `memberId` int(11) DEFAULT NULL,
  `schemeId` int(11) DEFAULT NULL,
  `amount` double(25,2) DEFAULT NULL,
  `days` int(11) DEFAULT NULL,
  `type` int(11) DEFAULT NULL,
  `numberOfInstallment` int(11) DEFAULT NULL,
  `interest` decimal(25,2) DEFAULT NULL,
  `active` int(11) NOT NULL DEFAULT '1',
  `status` int(11) NOT NULL DEFAULT '0',
  `created_at` timestamp NOT NULL DEFAULT CURRENT_TIMESTAMP,
  `updated_at` timestamp NOT NULL DEFAULT '0000-00-00 00:00:00' ON UPDATE CURRENT_TIMESTAMP
) ENGINE=InnoDB DEFAULT CHARSET=latin1;

--
-- Dumping data for table `open_rd`
--

INSERT INTO `open_rd` (`id`, `memberId`, `schemeId`, `amount`, `days`, `type`, `numberOfInstallment`, `interest`, `active`, `status`, `created_at`, `updated_at`) VALUES
(1, 8, 1, 24000.00, 7, 1, 102, '12.00', 1, 0, '2018-11-17 20:06:41', '0000-00-00 00:00:00');

-- --------------------------------------------------------

--
-- Table structure for table `purchase_detail`
--

CREATE TABLE `purchase_detail` (
  `purchase_detail_id` int(11) NOT NULL,
  `user_id` int(11) NOT NULL,
  `gold_id` int(11) NOT NULL,
  `qty` double(25,2) NOT NULL,
  `amount` double(25,2) NOT NULL,
  `status` int(1) NOT NULL DEFAULT '0',
  `created_date` datetime NOT NULL
) ENGINE=InnoDB DEFAULT CHARSET=latin1;

--
-- Dumping data for table `purchase_detail`
--

INSERT INTO `purchase_detail` (`purchase_detail_id`, `user_id`, `gold_id`, `qty`, `amount`, `status`, `created_date`) VALUES
(1, 6, 8, 10.00, 25000.00, 0, '2018-10-30 01:10:01'),
(2, 6, 7, 10.00, 3000.00, 0, '2018-10-30 01:10:16'),
(3, 6, 7, 10.00, 3000.00, 0, '2018-10-30 01:10:21'),
(4, 6, 7, 20.00, 6000.00, 0, '2018-10-30 01:10:01'),
(5, 6, 7, 10.00, 3000.00, 0, '2018-10-30 01:10:58');

-- --------------------------------------------------------

--
-- Table structure for table `role`
--

CREATE TABLE `role` (
  `id` int(11) NOT NULL,
  `role_name` varchar(255) NOT NULL,
  `active` tinyint(1) NOT NULL,
  `role_type` tinyint(1) NOT NULL,
  `updated_at` timestamp NOT NULL DEFAULT '0000-00-00 00:00:00' ON UPDATE CURRENT_TIMESTAMP,
  `created_at` timestamp NOT NULL DEFAULT CURRENT_TIMESTAMP
) ENGINE=InnoDB DEFAULT CHARSET=latin1;

--
-- Dumping data for table `role`
--

INSERT INTO `role` (`id`, `role_name`, `active`, `role_type`, `updated_at`, `created_at`) VALUES
(1, 'Administrator', 1, 1, '0000-00-00 00:00:00', '2018-09-23 09:32:05'),
(2, 'Field manager', 1, 2, '0000-00-00 00:00:00', '2018-09-23 09:33:35'),
(3, 'Agents', 1, 3, '0000-00-00 00:00:00', '2018-09-23 09:33:35'),
(4, 'Collectors', 1, 4, '0000-00-00 00:00:00', '2018-09-23 09:34:06');

-- --------------------------------------------------------

--
-- Table structure for table `user`
--

CREATE TABLE `user` (
  `id` int(11) NOT NULL,
  `role_id` varchar(255) NOT NULL,
  `fname` varchar(255) NOT NULL,
  `lname` varchar(255) DEFAULT NULL,
  `mobile` varchar(255) DEFAULT NULL,
  `email` varchar(255) NOT NULL,
  `password` varchar(255) NOT NULL,
  `silver` int(11) NOT NULL,
  `gold` int(11) NOT NULL,
  `amount` decimal(25,2) NOT NULL,
  `active` int(11) NOT NULL DEFAULT '1',
  `status` int(11) NOT NULL DEFAULT '1',
  `updated_at` timestamp NOT NULL DEFAULT '0000-00-00 00:00:00' ON UPDATE CURRENT_TIMESTAMP,
  `created_at` timestamp NOT NULL DEFAULT CURRENT_TIMESTAMP,
  `deleted_at` timestamp NULL DEFAULT NULL
) ENGINE=InnoDB DEFAULT CHARSET=latin1;

--
-- Dumping data for table `user`
--

INSERT INTO `user` (`id`, `role_id`, `fname`, `lname`, `mobile`, `email`, `password`, `silver`, `gold`, `amount`, `active`, `status`, `updated_at`, `created_at`, `deleted_at`) VALUES
(1, '1', 'admin', 'admin', '9856985685', 'admin@gmail.com', '7c4a8d09ca3762af61e59520943dc26494f8941b', 0, 0, '0.00', 1, 1, '2018-10-26 19:56:54', '2018-09-23 09:40:57', NULL),
(2, '2', 'manish', 'chakravarti', '9856985674', 'manish@gmail.com', '7c4a8d09ca3762af61e59520943dc26494f8941b', 0, 0, '0.00', 1, 1, '0000-00-00 00:00:00', '2018-09-23 10:10:12', NULL),
(6, '4', 'user ', 'three', '9865985674', 'xxx@xxx.com', '7c4a8d09ca3762af61e59520943dc26494f8941b', 40, 10, '34211.00', 1, 1, '2018-11-17 20:32:08', '2018-10-13 18:31:49', NULL),
(7, '4', 'manish', 'chakravarti', '09926331375', 'new@xxx.com', '7c4a8d09ca3762af61e59520943dc26494f8941b', 0, 0, '500000.00', 1, 1, '2018-10-26 20:20:00', '2018-10-26 20:18:59', NULL),
(8, '5', 'syam', 'sharma', '9856985640', 'syam@gmail.com', '7c4a8d09ca3762af61e59520943dc26494f8941b', 0, 0, '0.00', 1, 1, '0000-00-00 00:00:00', '2018-11-17 19:55:42', NULL),
(9, '5', 'manish', 'chakravarti', '9926331375', 'manish09.chakravarti@gmail.com', '7c4a8d09ca3762af61e59520943dc26494f8941b', 0, 0, '0.00', 1, 1, '0000-00-00 00:00:00', '2018-11-17 19:55:50', NULL);

--
-- Indexes for dumped tables
--

--
-- Indexes for table `account_entry`
--
ALTER TABLE `account_entry`
  ADD PRIMARY KEY (`id`);

--
-- Indexes for table `emi`
--
ALTER TABLE `emi`
  ADD PRIMARY KEY (`id`);

--
-- Indexes for table `gold`
--
ALTER TABLE `gold`
  ADD PRIMARY KEY (`id`);

--
-- Indexes for table `head`
--
ALTER TABLE `head`
  ADD PRIMARY KEY (`id`);

--
-- Indexes for table `mst_fd`
--
ALTER TABLE `mst_fd`
  ADD PRIMARY KEY (`id`);

--
-- Indexes for table `mst_rd`
--
ALTER TABLE `mst_rd`
  ADD PRIMARY KEY (`id`);

--
-- Indexes for table `open_rd`
--
ALTER TABLE `open_rd`
  ADD PRIMARY KEY (`id`);

--
-- Indexes for table `purchase_detail`
--
ALTER TABLE `purchase_detail`
  ADD PRIMARY KEY (`purchase_detail_id`);

--
-- Indexes for table `role`
--
ALTER TABLE `role`
  ADD PRIMARY KEY (`id`);

--
-- Indexes for table `user`
--
ALTER TABLE `user`
  ADD PRIMARY KEY (`id`);

--
-- AUTO_INCREMENT for dumped tables
--

--
-- AUTO_INCREMENT for table `account_entry`
--
ALTER TABLE `account_entry`
  MODIFY `id` int(11) NOT NULL AUTO_INCREMENT, AUTO_INCREMENT=17;

--
-- AUTO_INCREMENT for table `emi`
--
ALTER TABLE `emi`
  MODIFY `id` int(11) NOT NULL AUTO_INCREMENT, AUTO_INCREMENT=103;

--
-- AUTO_INCREMENT for table `gold`
--
ALTER TABLE `gold`
  MODIFY `id` int(11) NOT NULL AUTO_INCREMENT, AUTO_INCREMENT=9;

--
-- AUTO_INCREMENT for table `head`
--
ALTER TABLE `head`
  MODIFY `id` int(11) NOT NULL AUTO_INCREMENT, AUTO_INCREMENT=7;

--
-- AUTO_INCREMENT for table `mst_fd`
--
ALTER TABLE `mst_fd`
  MODIFY `id` int(11) NOT NULL AUTO_INCREMENT;

--
-- AUTO_INCREMENT for table `mst_rd`
--
ALTER TABLE `mst_rd`
  MODIFY `id` int(11) NOT NULL AUTO_INCREMENT, AUTO_INCREMENT=3;

--
-- AUTO_INCREMENT for table `open_rd`
--
ALTER TABLE `open_rd`
  MODIFY `id` int(11) NOT NULL AUTO_INCREMENT, AUTO_INCREMENT=2;

--
-- AUTO_INCREMENT for table `purchase_detail`
--
ALTER TABLE `purchase_detail`
  MODIFY `purchase_detail_id` int(11) NOT NULL AUTO_INCREMENT, AUTO_INCREMENT=6;

--
-- AUTO_INCREMENT for table `role`
--
ALTER TABLE `role`
  MODIFY `id` int(11) NOT NULL AUTO_INCREMENT, AUTO_INCREMENT=5;

--
-- AUTO_INCREMENT for table `user`
--
ALTER TABLE `user`
  MODIFY `id` int(11) NOT NULL AUTO_INCREMENT, AUTO_INCREMENT=10;
COMMIT;

/*!40101 SET CHARACTER_SET_CLIENT=@OLD_CHARACTER_SET_CLIENT */;
/*!40101 SET CHARACTER_SET_RESULTS=@OLD_CHARACTER_SET_RESULTS */;
/*!40101 SET COLLATION_CONNECTION=@OLD_COLLATION_CONNECTION */;
